1101,上市
1102,上市
1103,上市
1104,上市
1108,上市
1109,上市
1110,上市
1201,上市
1203,上市
1210,上市
1213,上市
1215,上市
1216,上市
1217,上市
1218,上市
1219,上市
1220,上市
1225,上市
1227,上市
1229,上市
1231,上市
1232,上市
1233,上市
1234,上市
1235,上市
1236,上市
1256,上市
1301,上市
1303,上市
1304,上市
1305,上市
1307,上市
1308,上市
1309,上市
1310,上市
1312,上市
1313,上市
1314,上市
1315,上市
1316,上市
1319,上市
1321,上市
1323,上市
1324,上市
1325,上市
1326,上市
1337,上市
1338,上市
1339,上市
1340,上市
1341,上市
1342,上市
1402,上市
1409,上市
1410,上市
1413,上市
1414,上市
1416,上市
1417,上市
1418,上市
1419,上市
1423,上市
1432,上市
1434,上市
1435,上市
1436,上市
1437,上市
1438,上市
1439,上市
1440,上市
1441,上市
1442,上市
1443,上市
1444,上市
1445,上市
1446,上市
1447,上市
1449,上市
1451,上市
1452,上市
1453,上市
1454,上市
1455,上市
1456,上市
1457,上市
1459,上市
1460,上市
1463,上市
1464,上市
1465,上市
1466,上市
1467,上市
1468,上市
1470,上市
1471,上市
1472,上市
1473,上市
1474,上市
1475,上市
1476,上市
1477,上市
1503,上市
1504,上市
1506,上市
1512,上市
1513,上市
1514,上市
1515,上市
1516,上市
1517,上市
1519,上市
1521,上市
1522,上市
1524,上市
1525,上市
1526,上市
1527,上市
1528,上市
1529,上市
1530,上市
1531,上市
1532,上市
1533,上市
1535,上市
1536,上市
1537,上市
1538,上市
1539,上市
1540,上市
1541,上市
1558,上市
1560,上市
1563,上市
1568,上市
1582,上市
1583,上市
1587,上市
1590,上市
1597,上市
1598,上市
1603,上市
1604,上市
1605,上市
1608,上市
1609,上市
1611,上市
1612,上市
1614,上市
1615,上市
1616,上市
1617,上市
1618,上市
1623,上市
1626,上市
1702,上市
1707,上市
1708,上市
1709,上市
1710,上市
1711,上市
1712,上市
1713,上市
1714,上市
1717,上市
1718,上市
1720,上市
1721,上市
1722,上市
1723,上市
1725,上市
1726,上市
1727,上市
1730,上市
1731,上市
1732,上市
1733,上市
1734,上市
1735,上市
1736,上市
1737,上市
1752,上市
1760,上市
1762,上市
1773,上市
1776,上市
1783,上市
1786,上市
1789,上市
1795,上市
1802,上市
1805,上市
1806,上市
1808,上市
1809,上市
1810,上市
1817,上市
1903,上市
1904,上市
1905,上市
1906,上市
1907,上市
1909,上市
2002,上市
2006,上市
2007,上市
2008,上市
2009,上市
2010,上市
2012,上市
2013,上市
2014,上市
2015,上市
2017,上市
2020,上市
2022,上市
2023,上市
2024,上市
2025,上市
2027,上市
2028,上市
2029,上市
2030,上市
2031,上市
2032,上市
2033,上市
2034,上市
2038,上市
2049,上市
2059,上市
2062,上市
2069,上市
2072,上市
2101,上市
2102,上市
2103,上市
2104,上市
2105,上市
2106,上市
2107,上市
2108,上市
2109,上市
2114,上市
2115,上市
2201,上市
2204,上市
2206,上市
2207,上市
2208,上市
2211,上市
2227,上市
2228,上市
2231,上市
2233,上市
2236,上市
2239,上市
2241,上市
2243,上市
2247,上市
2248,上市
2250,上市
2254,上市
2258,上市
2301,上市
2302,上市
2303,上市
2305,上市
2308,上市
2312,上市
2313,上市
2314,上市
2316,上市
2317,上市
2321,上市
2323,上市
2324,上市
2327,上市
2328,上市
2329,上市
2330,上市
2331,上市
2332,上市
2337,上市
2338,上市
2340,上市
2342,上市
2344,上市
2345,上市
2347,上市
2348,上市
2349,上市
2351,上市
2352,上市
2353,上市
2354,上市
2355,上市
2356,上市
2357,上市
2359,上市
2360,上市
2362,上市
2363,上市
2364,上市
2365,上市
2367,上市
2368,上市
2369,上市
2371,上市
2373,上市
2374,上市
2375,上市
2376,上市
2377,上市
2379,上市
2380,上市
2382,上市
2383,上市
2385,上市
2387,上市
2388,上市
2390,上市
2392,上市
2393,上市
2395,上市
2397,上市
2399,上市
2401,上市
2402,上市
2404,上市
2405,上市
2406,上市
2408,上市
2409,上市
2412,上市
2413,上市
2414,上市
2415,上市
2417,上市
2419,上市
2420,上市
2421,上市
2423,上市
2424,上市
2425,上市
2426,上市
2427,上市
2428,上市
2429,上市
2430,上市
2431,上市
2432,上市
2433,上市
2434,上市
2436,上市
2438,上市
2439,上市
2440,上市
2441,上市
2442,上市
2444,上市
2449,上市
2450,上市
2451,上市
2453,上市
2454,上市
2455,上市
2457,上市
2458,上市
2459,上市
2460,上市
2461,上市
2462,上市
2464,上市
2465,上市
2466,上市
2467,上市
2468,上市
2471,上市
2472,上市
2474,上市
2476,上市
2477,上市
2478,上市
2480,上市
2481,上市
2482,上市
2483,上市
2484,上市
2485,上市
2486,上市
2488,上市
2489,上市
2491,上市
2492,上市
2493,上市
2495,上市
2496,上市
2497,上市
2498,上市
2501,上市
2504,上市
2505,上市
2506,上市
2509,上市
2511,上市
2514,上市
2515,上市
2516,上市
2520,上市
2524,上市
2527,上市
2528,上市
2530,上市
2534,上市
2535,上市
2536,上市
2537,上市
2538,上市
2539,上市
2540,上市
2542,上市
2543,上市
2545,上市
2546,上市
2547,上市
2548,上市
2597,上市
2601,上市
2603,上市
2605,上市
2606,上市
2607,上市
2608,上市
2609,上市
2610,上市
2611,上市
2612,上市
2613,上市
2614,上市
2615,上市
2616,上市
2617,上市
2618,上市
2630,上市
2633,上市
2634,上市
2636,上市
2637,上市
2642,上市
2645,上市
2646,上市
2701,上市
2702,上市
2704,上市
2705,上市
2706,上市
2707,上市
2712,上市
2722,上市
2723,上市
2727,上市
2731,上市
2739,上市
2748,上市
2753,上市
2762,上市
2801,上市
2812,上市
2816,上市
2820,上市
2832,上市
2834,上市
2836,上市
2838,上市
2845,上市
2849,上市
2850,上市
2851,上市
2852,上市
2855,上市
2867,上市
2880,上市
2881,上市
2882,上市
2883,上市
2884,上市
2885,上市
2886,上市
2887,上市
2889,上市
2890,上市
2891,上市
2892,上市
2897,上市
2901,上市
2903,上市
2904,上市
2905,上市
2906,上市
2908,上市
2910,上市
2911,上市
2912,上市
2913,上市
2915,上市
2923,上市
2929,上市
2939,上市
2945,上市
3002,上市
3003,上市
3004,上市
3005,上市
3006,上市
3008,上市
3010,上市
3011,上市
3013,上市
3014,上市
3015,上市
3016,上市
3017,上市
3018,上市
3019,上市
3021,上市
3022,上市
3023,上市
3024,上市
3025,上市
3026,上市
3027,上市
3028,上市
3029,上市
3030,上市
3031,上市
3032,上市
3033,上市
3034,上市
3035,上市
3036,上市
3037,上市
3038,上市
3040,上市
3041,上市
3042,上市
3043,上市
3044,上市
3045,上市
3046,上市
3047,上市
3048,上市
3049,上市
3050,上市
3051,上市
3052,上市
3054,上市
3055,上市
3056,上市
3057,上市
3058,上市
3059,上市
3060,上市
3062,上市
3090,上市
3092,上市
3094,上市
3130,上市
3135,上市
3138,上市
3149,上市
3150,上市
3164,上市
3167,上市
3168,上市
3189,上市
3209,上市
3229,上市
3231,上市
3257,上市
3266,上市
3296,上市
3305,上市
3308,上市
3311,上市
3312,上市
3321,上市
3338,上市
3346,上市
3356,上市
3376,上市
3380,上市
3406,上市
3413,上市
3416,上市
3419,上市
3432,上市
3437,上市
3443,上市
3447,上市
3450,上市
3481,上市
3494,上市
3501,上市
3504,上市
3515,上市
3518,上市
3528,上市
3530,上市
3532,上市
3533,上市
3535,上市
3543,上市
3545,上市
3550,上市
3557,上市
3563,上市
3576,上市
3583,上市
3588,上市
3591,上市
3592,上市
3593,上市
3596,上市
3605,上市
3607,上市
3617,上市
3622,上市
3645,上市
3652,上市
3653,上市
3661,上市
3665,上市
3669,上市
3673,上市
3679,上市
3686,上市
3694,上市
3701,上市
3702,上市
3703,上市
3704,上市
3705,上市
3706,上市
3708,上市
3711,上市
3712,上市
3714,上市
3715,上市
3716,上市
3717,上市
4104,上市
4106,上市
4108,上市
4119,上市
4133,上市
4137,上市
4142,上市
4148,上市
4155,上市
4164,上市
4169,上市
4190,上市
4306,上市
4414,上市
4426,上市
4438,上市
4439,上市
4440,上市
4441,上市
4526,上市
4532,上市
4536,上市
4540,上市
4545,上市
4551,上市
4552,上市
4555,上市
4557,上市
4560,上市
4562,上市
4564,上市
4566,上市
4569,上市
4571,上市
4572,上市
4576,上市
4581,上市
4583,上市
4585,上市
4588,上市
4590,上市
4720,上市
4722,上市
4736,上市
4737,上市
4739,上市
4746,上市
4755,上市
4763,上市
4764,上市
4766,上市
4770,上市
4771,上市
4807,上市
4904,上市
4906,上市
4912,上市
4915,上市
4916,上市
4919,上市
4927,上市
4930,上市
4934,上市
4935,上市
4938,上市
4942,上市
4943,上市
4949,上市
4952,上市
4956,上市
4958,上市
4960,上市
4961,上市
4967,上市
4968,上市
4976,上市
4977,上市
4989,上市
4994,上市
4999,上市
5007,上市
5203,上市
5215,上市
5222,上市
5225,上市
5234,上市
5243,上市
5244,上市
5258,上市
5269,上市
5283,上市
5284,上市
5285,上市
5288,上市
5292,上市
5306,上市
5388,上市
5434,上市
5469,上市
5471,上市
5484,上市
5515,上市
5519,上市
5521,上市
5522,上市
5525,上市
5531,上市
5533,上市
5534,上市
5538,上市
5546,上市
5607,上市
5608,上市
5706,上市
5871,上市
5876,上市
5880,上市
5906,上市
5907,上市
6005,上市
6024,上市
6108,上市
6112,上市
6115,上市
6116,上市
6117,上市
6120,上市
6128,上市
6133,上市
6136,上市
6139,上市
6141,上市
6142,上市
6152,上市
6153,上市
6155,上市
6164,上市
6165,上市
6166,上市
6168,上市
6176,上市
6177,上市
6183,上市
6184,上市
6189,上市
6191,上市
6192,上市
6196,上市
6197,上市
6201,上市
6202,上市
6205,上市
6206,上市
6209,上市
6213,上市
6214,上市
6215,上市
6216,上市
6224,上市
6225,上市
6226,上市
6230,上市
6235,上市
6239,上市
6243,上市
6257,上市
6269,上市
6271,上市
6272,上市
6277,上市
6278,上市
6281,上市
6282,上市
6283,上市
6285,上市
6405,上市
6409,上市
6412,上市
6414,上市
6415,上市
6416,上市
6426,上市
6431,上市
6438,上市
6442,上市
6443,上市
6446,上市
6449,上市
6451,上市
6456,上市
6464,上市
6472,上市
6477,上市
6491,上市
6504,上市
6505,上市
6515,上市
6525,上市
6526,上市
6531,上市
6533,上市
6534,上市
6541,上市
6550,上市
6552,上市
6558,上市
6573,上市
6579,上市
6581,上市
6582,上市
6585,上市
6589,上市
6591,上市
6592,上市
6598,上市
6605,上市
6606,上市
6614,上市
6625,上市
6641,上市
6645,上市
6655,上市
6657,上市
6658,上市
6666,上市
6668,上市
6669,上市
6670,上市
6671,上市
6672,上市
6674,上市
6689,上市
6691,上市
6695,上市
6698,上市
6706,上市
6715,上市
6719,上市
6722,上市
6742,上市
6743,上市
6753,上市
6754,上市
6756,上市
6757,上市
6768,上市
6770,上市
6771,上市
6776,上市
6781,上市
6782,上市
6789,上市
6790,上市
6792,上市
6794,上市
6796,上市
6799,上市
6805,上市
6806,上市
6807,上市
6830,上市
6831,上市
6834,上市
6835,上市
6838,上市
6854,上市
6861,上市
6862,上市
6863,上市
6869,上市
6873,上市
6885,上市
6887,上市
6890,上市
6901,上市
6902,上市
6906,上市
6908,上市
6909,上市
6914,上市
6916,上市
6918,上市
6919,上市
6921,上市
6923,上市
6924,上市
6928,上市
6931,上市
6933,上市
6934,上市
6936,上市
6937,上市
6944,上市
6949,上市
6951,上市
6952,上市
6955,上市
6957,上市
6958,上市
6962,上市
6965,上市
6969,上市
6988,上市
6994,上市
7610,上市
7631,上市
7705,上市
7711,上市
7721,上市
7722,上市
7730,上市
7732,上市
7736,上市
7740,上市
7749,上市
7750,上市
7765,上市
7769,上市
7780,上市
7786,上市
7788,上市
7791,上市
7795,上市
7799,上市
7822,上市
7823,上市
8011,上市
8016,上市
8021,上市
8028,上市
8033,上市
8039,上市
8045,上市
8046,上市
8070,上市
8072,上市
8081,上市
8101,上市
8103,上市
8104,上市
8105,上市
8110,上市
8112,上市
8114,上市
8131,上市
8150,上市
8162,上市
8163,上市
8201,上市
8210,上市
8213,上市
8215,上市
8222,上市
8249,上市
8261,上市
8271,上市
8341,上市
8367,上市
8374,上市
8404,上市
8411,上市
8422,上市
8429,上市
8438,上市
8442,上市
8443,上市
8454,上市
8462,上市
8463,上市
8464,上市
8466,上市
8467,上市
8473,上市
8476,上市
8478,上市
8481,上市
8482,上市
8487,上市
8488,上市
8499,上市
8926,上市
8940,上市
8996,上市
9103,上市
910322,上市
9105,上市
910861,上市
9110,上市
911608,上市
911622,上市
911868,上市
912000,上市
9136,上市
9802,上市
9902,上市
9904,上市
9905,上市
9906,上市
9907,上市
9908,上市
9910,上市
9911,上市
9912,上市
9914,上市
9917,上市
9918,上市
9919,上市
9921,上市
9924,上市
9925,上市
9926,上市
9927,上市
9928,上市
9929,上市
9930,上市
9931,上市
9933,上市
9934,上市
9935,上市
9937,上市
9938,上市
9939,上市
9940,上市
9941,上市
9942,上市
9943,上市
9944,上市
9945,上市
9946,上市
9955,上市
9958,上市
1240,上櫃
1259,上櫃
1264,上櫃
1268,上櫃
1294,上櫃
1295,上櫃
1336,上櫃
1565,上櫃
1569,上櫃
1570,上櫃
1580,上櫃
1584,上櫃
1586,上櫃
1591,上櫃
1593,上櫃
1595,上櫃
1599,上櫃
1742,上櫃
1777,上櫃
1781,上櫃
1784,上櫃
1785,上櫃
1788,上櫃
1796,上櫃
1799,上櫃
1813,上櫃
1815,上櫃
2035,上櫃
2061,上櫃
2063,上櫃
2064,上櫃
2065,上櫃
2066,上櫃
2067,上櫃
2070,上櫃
2073,上櫃
2221,上櫃
2230,上櫃
2235,上櫃
2596,上櫃
2640,上櫃
2641,上櫃
2643,上櫃
2718,上櫃
2719,上櫃
2724,上櫃
2726,上櫃
2729,上櫃
2732,上櫃
2734,上櫃
2736,上櫃
2740,上櫃
2743,上櫃
2745,上櫃
2751,上櫃
2752,上櫃
2754,上櫃
2755,上櫃
2756,上櫃
2916,上櫃
2924,上櫃
2926,上櫃
2937,上櫃
2941,上櫃
2947,上櫃
2948,上櫃
2949,上櫃
3064,上櫃
3066,上櫃
3067,上櫃
3071,上櫃
3073,上櫃
3078,上櫃
3081,上櫃
3083,上櫃
3085,上櫃
3088,上櫃
3093,上櫃
3095,上櫃
3105,上櫃
3114,上櫃
3115,上櫃
3118,上櫃
3122,上櫃
3128,上櫃
3131,上櫃
3141,上櫃
3147,上櫃
3152,上櫃
3158,上櫃
3162,上櫃
3163,上櫃
3169,上櫃
3171,上櫃
3176,上櫃
3178,上櫃
3188,上櫃
3191,上櫃
3205,上櫃
3206,上櫃
3207,上櫃
3211,上櫃
3213,上櫃
3217,上櫃
3218,上櫃
3219,上櫃
3221,上櫃
3224,上櫃
3226,上櫃
3227,上櫃
3228,上櫃
3230,上櫃
3232,上櫃
3234,上櫃
3236,上櫃
3252,上櫃
3259,上櫃
3260,上櫃
3264,上櫃
3265,上櫃
3268,上櫃
3272,上櫃
3276,上櫃
3284,上櫃
3285,上櫃
3287,上櫃
3288,上櫃
3289,上櫃
3290,上櫃
3293,上櫃
3294,上櫃
3297,上櫃
3303,上櫃
3306,上櫃
3310,上櫃
3313,上櫃
3317,上櫃
3322,上櫃
3323,上櫃
3324,上櫃
3325,上櫃
3332,上櫃
3339,上櫃
3349,上櫃
3354,上櫃
3357,上櫃
3360,上櫃
3362,上櫃
3363,上櫃
3372,上櫃
3373,上櫃
3374,上櫃
3379,上櫃
3388,上櫃
3390,上櫃
3402,上櫃
3426,上櫃
3430,上櫃
3434,上櫃
3438,上櫃
3441,上櫃
3444,上櫃
3455,上櫃
3465,上櫃
3466,上櫃
3467,上櫃
3479,上櫃
3483,上櫃
3484,上櫃
3489,上櫃
3490,上櫃
3491,上櫃
3492,上櫃
3498,上櫃
3499,上櫃
3508,上櫃
3511,上櫃
3512,上櫃
3516,上櫃
3520,上櫃
3521,上櫃
3522,上櫃
3523,上櫃
3526,上櫃
3527,上櫃
3529,上櫃
3531,上櫃
3537,上櫃
3540,上櫃
3541,上櫃
3546,上櫃
3548,上櫃
3551,上櫃
3552,上櫃
3555,上櫃
3556,上櫃
3558,上櫃
3564,上櫃
3567,上櫃
3570,上櫃
3577,上櫃
3580,上櫃
3581,上櫃
3587,上櫃
3594,上櫃
3597,上櫃
3609,上櫃
3611,上櫃
3615,上櫃
3623,上櫃
3624,上櫃
3625,上櫃
3628,上櫃
3629,上櫃
3630,上櫃
3631,上櫃
3632,上櫃
3646,上櫃
3663,上櫃
3664,上櫃
3666,上櫃
3672,上櫃
3675,上櫃
3680,上櫃
3684,上櫃
3685,上櫃
3687,上櫃
3689,上櫃
3691,上櫃
3693,上櫃
3707,上櫃
3709,上櫃
3710,上櫃
3713,上櫃
4102,上櫃
4105,上櫃
4107,上櫃
4109,上櫃
4111,上櫃
4113,上櫃
4114,上櫃
4116,上櫃
4120,上櫃
4121,上櫃
4123,上櫃
4126,上櫃
4127,上櫃
4128,上櫃
4129,上櫃
4130,上櫃
4131,上櫃
4138,上櫃
4139,上櫃
4147,上櫃
4153,上櫃
4154,上櫃
4157,上櫃
4160,上櫃
4161,上櫃
4162,上櫃
4163,上櫃
4166,上櫃
4167,上櫃
4168,上櫃
4171,上櫃
4173,上櫃
4174,上櫃
4175,上櫃
4183,上櫃
4188,上櫃
4192,上櫃
4198,上櫃
4205,上櫃
4207,上櫃
4303,上櫃
4304,上櫃
4305,上櫃
4401,上櫃
4402,上櫃
4406,上櫃
4413,上櫃
4416,上櫃
4417,上櫃
4419,上櫃
4420,上櫃
4430,上櫃
4432,上櫃
4433,上櫃
4442,上櫃
4502,上櫃
4503,上櫃
4506,上櫃
4510,上櫃
4513,上櫃
4523,上櫃
4527,上櫃
4528,上櫃
4529,上櫃
4530,上櫃
4533,上櫃
4534,上櫃
4535,上櫃
4538,上櫃
4541,上櫃
4542,上櫃
4543,上櫃
4549,上櫃
4550,上櫃
4554,上櫃
4556,上櫃
4558,上櫃
4561,上櫃
4563,上櫃
4568,上櫃
4577,上櫃
4580,上櫃
4584,上櫃
4609,上櫃
4702,上櫃
4706,上櫃
4707,上櫃
4711,上櫃
4714,上櫃
4716,上櫃
4721,上櫃
4726,上櫃
4728,上櫃
4729,上櫃
4735,上櫃
4741,上櫃
4743,上櫃
4744,上櫃
4745,上櫃
4747,上櫃
4749,上櫃
4754,上櫃
4760,上櫃
4767,上櫃
4768,上櫃
4772,上櫃
4804,上櫃
4806,上櫃
4903,上櫃
4905,上櫃
4907,上櫃
4908,上櫃
4909,上櫃
4911,上櫃
4923,上櫃
4924,上櫃
4931,上櫃
4933,上櫃
4939,上櫃
4946,上櫃
4950,上櫃
4951,上櫃
4953,上櫃
4966,上櫃
4971,上櫃
4972,上櫃
4973,上櫃
4974,上櫃
4979,上櫃
4987,上櫃
4991,上櫃
4995,上櫃
5009,上櫃
5011,上櫃
5013,上櫃
5014,上櫃
5015,上櫃
5016,上櫃
5201,上櫃
5202,上櫃
5205,上櫃
5206,上櫃
5209,上櫃
5210,上櫃
5211,上櫃
5212,上櫃
5213,上櫃
5220,上櫃
5223,上櫃
5227,上櫃
5228,上櫃
5230,上櫃
5236,上櫃
5245,上櫃
5251,上櫃
5263,上櫃
5272,上櫃
5274,上櫃
5276,上櫃
5278,上櫃
5287,上櫃
5289,上櫃
5291,上櫃
5299,上櫃
5301,上櫃
5302,上櫃
5309,上櫃
5310,上櫃
5312,上櫃
5314,上櫃
5315,上櫃
5321,上櫃
5324,上櫃
5328,上櫃
5340,上櫃
5344,上櫃
5345,上櫃
5347,上櫃
5348,上櫃
5351,上櫃
5353,上櫃
5355,上櫃
5356,上櫃
5364,上櫃
5371,上櫃
5386,上櫃
5392,上櫃
5398,上櫃
5403,上櫃
5410,上櫃
5425,上櫃
5426,上櫃
5432,上櫃
5438,上櫃
5439,上櫃
5443,上櫃
5450,上櫃
5452,上櫃
5455,上櫃
5457,上櫃
5460,上櫃
5464,上櫃
5465,上櫃
5468,上櫃
5474,上櫃
5475,上櫃
5478,上櫃
5481,上櫃
5483,上櫃
5487,上櫃
5488,上櫃
5489,上櫃
5490,上櫃
5493,上櫃
5498,上櫃
5508,上櫃
5511,上櫃
5512,上櫃
5514,上櫃
5516,上櫃
5520,上櫃
5523,上櫃
5529,上櫃
5530,上櫃
5536,上櫃
5543,上櫃
5547,上櫃
5548,上櫃
5601,上櫃
5603,上櫃
5604,上櫃
5609,上櫃
5701,上櫃
5703,上櫃
5704,上櫃
5864,上櫃
5878,上櫃
5902,上櫃
5903,上櫃
5904,上櫃
5905,上櫃
6015,上櫃
6016,上櫃
6020,上櫃
6021,上櫃
6023,上櫃
6026,上櫃
6028,上櫃
6101,上櫃
6103,上櫃
6104,上櫃
6109,上櫃
6111,上櫃
6113,上櫃
6114,上櫃
6118,上櫃
6121,上櫃
6122,上櫃
6123,上櫃
6124,上櫃
6125,上櫃
6126,上櫃
6127,上櫃
6129,上櫃
6130,上櫃
6134,上櫃
6138,上櫃
6140,上櫃
6143,上櫃
6144,上櫃
6146,上櫃
6147,上櫃
6148,上櫃
6150,上櫃
6151,上櫃
6154,上櫃
6156,上櫃
6158,上櫃
6160,上櫃
6161,上櫃
6163,上櫃
6167,上櫃
6169,上櫃
6170,上櫃
6171,上櫃
6173,上櫃
6174,上櫃
6175,上櫃
6179,上櫃
6180,上櫃
6182,上櫃
6185,上櫃
6186,上櫃
6187,上櫃
6188,上櫃
6190,上櫃
6194,上櫃
6195,上櫃
6198,上櫃
6199,上櫃
6203,上櫃
6204,上櫃
6207,上櫃
6208,上櫃
6210,上櫃
6212,上櫃
6217,上櫃
6218,上櫃
6219,上櫃
6220,上櫃
6221,上櫃
6222,上櫃
6223,上櫃
6227,上櫃
6228,上櫃
6229,上櫃
6231,上櫃
6233,上櫃
6234,上櫃
6236,上櫃
6237,上櫃
6240,上櫃
6241,上櫃
6242,上櫃
6244,上櫃
6245,上櫃
6246,上櫃
6248,上櫃
6259,上櫃
6261,上櫃
6263,上櫃
6264,上櫃
6265,上櫃
6266,上櫃
6270,上櫃
6274,上櫃
6275,上櫃
6276,上櫃
6279,上櫃
6284,上櫃
6290,上櫃
6291,上櫃
6292,上櫃
6294,上櫃
6411,上櫃
6417,上櫃
6418,上櫃
6419,上櫃
6423,上櫃
6425,上櫃
6432,上櫃
6435,上櫃
6441,上櫃
6461,上櫃
6462,上櫃
6465,上櫃
6469,上櫃
6470,上櫃
6474,上櫃
6482,上櫃
6485,上櫃
6486,上櫃
6488,上櫃
6492,上櫃
6494,上櫃
6496,上櫃
6498,上櫃
6499,上櫃
6506,上櫃
6508,上櫃
6509,上櫃
6510,上櫃
6512,上櫃
6516,上櫃
6517,上櫃
6523,上櫃
6527,上櫃
6530,上櫃
6532,上櫃
6535,上櫃
6538,上櫃
6542,上櫃
6546,上櫃
6547,上櫃
6548,上櫃
6556,上櫃
6560,上櫃
6561,上櫃
6568,上櫃
6569,上櫃
6570,上櫃
6574,上櫃
6576,上櫃
6577,上櫃
6578,上櫃
6584,上櫃
6588,上櫃
6590,上櫃
6593,上櫃
6596,上櫃
6597,上櫃
6603,上櫃
6609,上櫃
6612,上櫃
6613,上櫃
6615,上櫃
6616,上櫃
6617,上櫃
6620,上櫃
6624,上櫃
6629,上櫃
6637,上櫃
6640,上櫃
6642,上櫃
6643,上櫃
6649,上櫃
6651,上櫃
6654,上櫃
6661,上櫃
6662,上櫃
6664,上櫃
6667,上櫃
6679,上櫃
6680,上櫃
6683,上櫃
6684,上櫃
6690,上櫃
6692,上櫃
6693,上櫃
6697,上櫃
6703,上櫃
6708,上櫃
6712,上櫃
6716,上櫃
6720,上櫃
6721,上櫃
6725,上櫃
6727,上櫃
6728,上櫃
6730,上櫃
6732,上櫃
6733,上櫃
6735,上櫃
6739,上櫃
6741,上櫃
6751,上櫃
6752,上櫃
6761,上櫃
6762,上櫃
6763,上櫃
6767,上櫃
6785,上櫃
6788,上櫃
6791,上櫃
6803,上櫃
6804,上櫃
6811,上櫃
6821,上櫃
6823,上櫃
6829,上櫃
6840,上櫃
6841,上櫃
6843,上櫃
6844,上櫃
6846,上櫃
6855,上櫃
6856,上櫃
6859,上櫃
6865,上櫃
6870,上櫃
6872,上櫃
6874,上櫃
6875,上櫃
6877,上櫃
6881,上櫃
6884,上櫃
6894,上櫃
6895,上櫃
6899,上櫃
6903,上櫃
6904,上櫃
6907,上櫃
6910,上櫃
6913,上櫃
6922,上櫃
6925,上櫃
6929,上櫃
6953,上櫃
6961,上櫃
6967,上櫃
6968,上櫃
6971,上櫃
6982,上櫃
6996,上櫃
6997,上櫃
7402,上櫃
7547,上櫃
7556,上櫃
7584,上櫃
7642,上櫃
7703,上櫃
7704,上櫃
7708,上櫃
7709,上櫃
7712,上櫃
7713,上櫃
7714,上櫃
7715,上櫃
7716,上櫃
7717,上櫃
7718,上櫃
7723,上櫃
7728,上櫃
7734,上櫃
7738,上櫃
7743,上櫃
7744,上櫃
7747,上櫃
7751,上櫃
7753,上櫃
7757,上櫃
7767,上櫃
7770,上櫃
7777,上櫃
7782,上櫃
7792,上櫃
7805,上櫃
7810,上櫃
7811,上櫃
8024,上櫃
8027,上櫃
8032,上櫃
8034,上櫃
8038,上櫃
8040,上櫃
8042,上櫃
8043,上櫃
8044,上櫃
8047,上櫃
8048,上櫃
8049,上櫃
8050,上櫃
8054,上櫃
8059,上櫃
8064,上櫃
8066,上櫃
8067,上櫃
8068,上櫃
8069,上櫃
8071,上櫃
8074,上櫃
8076,上櫃
8077,上櫃
8080,上櫃
8083,上櫃
8084,上櫃
8085,上櫃
8086,上櫃
8087,上櫃
8088,上櫃
8089,上櫃
8091,上櫃
8092,上櫃
8093,上櫃
8096,上櫃
8097,上櫃
8099,上櫃
8102,上櫃
8107,上櫃
8109,上櫃
8111,上櫃
8121,上櫃
8147,上櫃
8155,上櫃
8171,上櫃
8176,上櫃
8182,上櫃
8183,上櫃
8227,上櫃
8234,上櫃
8240,上櫃
8255,上櫃
8272,上櫃
8277,上櫃
8279,上櫃
8284,上櫃
8289,上櫃
8291,上櫃
8299,上櫃
8342,上櫃
8349,上櫃
8354,上櫃
8358,上櫃
8383,上櫃
8390,上櫃
8401,上櫃
8403,上櫃
8409,上櫃
8410,上櫃
8415,上櫃
8416,上櫃
8421,上櫃
8423,上櫃
8424,上櫃
8426,上櫃
8431,上櫃
8432,上櫃
8433,上櫃
8435,上櫃
8436,上櫃
8437,上櫃
8440,上櫃
8444,上櫃
8446,上櫃
8450,上櫃
8455,上櫃
8472,上櫃
8477,上櫃
8489,上櫃
8905,上櫃
8906,上櫃
8908,上櫃
8916,上櫃
8917,上櫃
8921,上櫃
8923,上櫃
8924,上櫃
8927,上櫃
8928,上櫃
8929,上櫃
8930,上櫃
8931,上櫃
8932,上櫃
8933,上櫃
8935,上櫃
8936,上櫃
8938,上櫃
8941,上櫃
8942,上櫃
9949,上櫃
9950,上櫃
9951,上櫃
9960,上櫃
9962,上櫃